{
  "commands": {
    "welcome": "مرحباً بك في بوت الوعي بالعادات! 🤖\n\nهذا البوت يساعدك في تتبع تقدمك بدون إصدار أحكام.\n\n📊 الأوامر:\n/help - إظهار هذه الرسالة المساعدة\n/status - إظهار إحصائياتك الحالية\n/stats - إظهار إحصائيات مفصلة للعادة\n/next - إظهار موعد التذكير اليومي التالي\n/language - تغيير اللغة\n/zip - تحميل جميع ملفات البوت\n\n💬 كيفية التتبع:\nفقط أرسل لي رسائل مثل:\n• \"فعلتها\"\n• \"انتكست اليوم\"\n• \"مارست العادة مرة أخرى\"\n\nسأسجل ذلك وأظهر لك تقدمك! 📈",
    "help": "مرحباً بك في بوت الوعي بالعادات! 🤖\n\nهذا البوت يساعدك في تتبع تقدمك بدون إصدار أحكام.\n\n📊 الأوامر:\n/help - إظهار هذه الرسالة المساعدة\n/status - إظهار إحصائياتك الحالية\n/stats - إظهار إحصائيات مفصلة للعادة\n/next - إظهار موعد التذكير اليومي التالي\n/language - تغيير اللغة\n/zip - تحميل جميع ملفات البوت\n\n💬 كيفية التتبع:\nفقط أرسل لي رسائل مثل:\n• \"فعلتها\"\n• \"انتكست اليوم\"\n• \"مارست العادة مرة أخرى\"\n\nسأسجل ذلك وأظهر لك تقدمك! 📈"
  },
  "status": {
    "title": "📊 إحصائيات عادتك:\n\n",
    "last_entry": "📅 آخر إدخال: {date}\n",
    "today": "⏰ اليوم (0 أيام مضت)\n",
    "yesterday": "⏰ أمس (يوم واحد مضى)\n",
    "days_ago": "⏰ {days} يوماً مضت\n",
    "no_entries": "📅 لا توجد إدخالات بعد\n",
    "total_entries": "🔢 إجمالي الإدخالات: {count}\n\n",
    "next_reminder": "🤖 التذكير التالي: {time} {timezone}",
    "tracking_unavailable": "❌ تتبع العادات غير متاح",
    "error_getting_stats": "❌ خطأ في الحصول على إحصائياتك"
  },
  "tracking": {
    "entry_recorded": "📝 تم تسجيل الإدخال!\n\n",
    "last_time": "📅 آخر مرة: {date}\n",
    "was_today": "⏰ كان ذلك اليوم\n",
    "was_yesterday": "⏰ كان ذلك أمس\n",
    "was_days_ago": "⏰ كان ذلك قبل {days} أيام\n",
    "total_times": "🔢 إجمالي المرات: {count}\n\n",
    "awareness_message": "أنت واعٍ بأنماطك. هذه هي الخطوة الأولى! 💪",
    "failed_to_record": "❌ فشل في تسجيل إدخالك",
    "error_recording": "❌ خطأ في تسجيل إدخالك"
  },
  "language": {
    "select": "🌍 اختر لغتك / Select your language:\n\n🇺🇸 English\n🇸🇦 العربية",
    "changed_to_english": "✅ تم تغيير اللغة إلى الإنجليزية",
    "changed_to_arabic": "✅ تم تغيير اللغة إلى العربية",
    "invalid_choice": "❌ اختيار غير صحيح. يرجى اختيار الإنجليزية أو العربية."
  },
  "general": {
    "test_message": "🧪 هذه رسالة تجريبية من بوت الوعي بالعادات!",
    "test_sent": "✅ تم إرسال الرسالة التجريبية بنجاح!",
    "test_failed": "❌ فشل في إرسال الرسالة التجريبية",
    "next_reminder": "⏰ التذكير التالي مجدول في: {time}",
    "error_next_time": "❌ خطأ في الحصول على وقت الرسالة التالية",
    "creating_zip": "📦 إنشاء ملف مضغوط مع جميع ملفات البوت...",
    "zip_failed": "❌ فشل في إنشاء الملف المضغوط",
    "zip_error": "❌ خطأ في إنشاء الملف المضغوط"
  },
  "daily_messages": [
    "🧠 اليوم بداية جديدة. لاحظ أنماطك دون إصدار أحكام.",
    "💡 الوعي هو الخطوة الأولى نحو التغيير. أنت على الطريق الصحيح بالفعل.",
    "🌱 كل لحظة وعي تبني عادات أقوى. ابق حاضراً.",
    "🔍 انتبه لمحفزاتك اليوم. المعرفة قوة.",
    "🌅 يوم جديد يعني فرص جديدة لاتخاذ خيارات واعية.",
    "⚖️ التوازن يأتي من فهم نفسك، وليس من الكمال.",
    "🎯 ركز على التقدم، وليس الكمال. كل خطوة مهمة.",
    "🌊 اركب أمواج مشاعرك دون أن تنجرف معها.",
    "🔄 التغيير يحدث تدريجياً. ثق في العملية.",
    "💪 لديك القوة لاتخاذ قرارات واعية اليوم.",
    "🌟 وعيك يزداد قوة كل يوم.",
    "🧘 خذ لحظة للتنفس وتركز على نفسك.",
    "📈 الخيارات الصغيرة المتسقة تؤدي إلى تحولات كبيرة.",
    "🌈 كل انتكاسة هي بيانات، وليس هزيمة. تعلم وامضِ قدماً.",
    "🎪 الحياة تتعلق بالتوازن. اعثر على توازنك اليوم."
  ],
  "awareness_progress": {
    "new_opportunity": "\n🔄 تذكر، اليوم فرصة جديدة للوعي.",
    "one_day": "\n💚 يوم واحد من الوعي اكتمل.",
    "few_days": "\n💚 {days} أيام من الوعي. ابق منتبهاً.",
    "many_days": "\n🌟 {days} يوماً من الوعي. أنت تبني أنماطاً قوية!"
  },
  "habit_patterns": [
    "فعلتها",
    "انتكست",
    "مارست العادة",
    "فعلت الشيء",
    "ارتددت",
    "انتكست مرة أخرى",
    "استسلمت",
    "أفسدت الأمر",
    "حدث مرة أخرى",
    "عدت إليها",
    "فعلتها مرة أخرى",
    "رجعت"
  ]
}